Datetime,Water Level (m)
2026-01-01 06:00:00,-0.23214774
2026-01-01 07:00:00,-0.4975698
2026-01-01 08:00:00,-0.7107727
2026-01-01 09:00:00,-0.88884616
2026-01-01 10:00:00,-1.0310818
2026-01-01 11:00:00,-1.0446479
2026-01-01 12:00:00,-0.54471093
2026-01-01 13:00:00,-0.077537276
2026-01-01 14:00:00,0.39916825
2026-01-01 15:00:00,0.69888914
2026-01-01 16:00:00,0.7802654
2026-01-01 17:00:00,0.66270965
2026-01-01 18:00:00,0.31427866
2026-01-01 19:00:00,-0.014985671
2026-01-01 20:00:00,-0.3194236
2026-01-01 21:00:00,-0.5423399
2026-01-01 22:00:00,-0.72767216
2026-01-01 23:00:00,-0.87522966
2026-01-02 00:00:00,-0.91951007
2026-01-02 01:00:00,-0.46408954
2026-01-02 02:00:00,-0.048868965
2026-01-02 03:00:00,0.28398192
2026-01-02 04:00:00,0.4354728
2026-01-02 05:00:00,0.35565388
2026-01-02 06:00:00,0.058901828
2026-01-02 07:00:00,-0.24878564
2026-01-02 08:00:00,-0.5354965
2026-01-02 09:00:00,-0.75501657
2026-01-02 10:00:00,-0.9330475
2026-01-02 11:00:00,-1.0728321
2026-01-02 12:00:00,-1.0466027
2026-01-02 13:00:00,-0.46270907
2026-01-02 14:00:00,-0.007791768
2026-01-02 15:00:00,0.4790743
2026-01-02 16:00:00,0.7777173
2026-01-02 17:00:00,0.87066466
2026-01-02 18:00:00,0.7316042
2026-01-02 19:00:00,0.34263894
2026-01-02 20:00:00,-0.011946831
2026-01-02 21:00:00,-0.32793754
2026-01-02 22:00:00,-0.56067747
2026-01-02 23:00:00,-0.75642955
2026-01-03 00:00:00,-0.919363
2026-01-03 01:00:00,-0.96070653
2026-01-03 02:00:00,-0.39404634
2026-01-03 03:00:00,0.02524307
2026-01-03 04:00:00,0.36619866
2026-01-03 05:00:00,0.50599927
2026-01-03 06:00:00,0.39047465
2026-01-03 07:00:00,0.052037142
2026-01-03 08:00:00,-0.25852004
2026-01-03 09:00:00,-0.54609877
2026-01-03 10:00:00,-0.7595214
2026-01-03 11:00:00,-0.94016343
2026-01-03 12:00:00,-1.0777192
2026-01-03 13:00:00,-1.0168643
2026-01-03 14:00:00,-0.38897845
2026-01-03 15:00:00,0.09308456
2026-01-03 16:00:00,0.59749967
2026-01-03 17:00:00,0.8836048
2026-01-03 18:00:00,0.93413806
2026-01-03 19:00:00,0.69688785
2026-01-03 20:00:00,0.2689254
2026-01-03 21:00:00,-0.08439403
2026-01-03 22:00:00,-0.38815004
2026-01-03 23:00:00,-0.6124799
2026-01-04 00:00:00,-0.8109568
2026-01-04 01:00:00,-0.97039986
2026-01-04 02:00:00,-0.94859505
2026-01-04 03:00:00,-0.3001726
2026-01-04 04:00:00,0.111268416
2026-01-04 05:00:00,0.45450082
2026-01-04 06:00:00,0.54094493
2026-01-04 07:00:00,0.3542203
2026-01-04 08:00:00,-0.00036291225
2026-01-04 09:00:00,-0.30756587
2026-01-04 10:00:00,-0.5853961
2026-01-04 11:00:00,-0.78537315
2026-01-04 12:00:00,-0.9715606
2026-01-04 13:00:00,-1.0901494
2026-01-04 14:00:00,-0.9407086
2026-01-04 15:00:00,-0.30988863
2026-01-04 16:00:00,0.19578807
2026-01-04 17:00:00,0.69088393
2026-01-04 18:00:00,0.922308
2026-01-04 19:00:00,0.8853923
2026-01-04 20:00:00,0.5429426
2026-01-04 21:00:00,0.13854854
2026-01-04 22:00:00,-0.21139717
2026-01-04 23:00:00,-0.48554674
2026-01-05 00:00:00,-0.6954842
2026-01-05 01:00:00,-0.8925982
2026-01-05 02:00:00,-1.0224998
2026-01-05 03:00:00,-0.8519194
2026-01-05 04:00:00,-0.20664753
2026-01-05 05:00:00,0.1944738
2026-01-05 06:00:00,0.49451664
2026-01-05 07:00:00,0.51525974
2026-01-05 08:00:00,0.2741787
2026-01-05 09:00:00,-0.067298226
2026-01-05 10:00:00,-0.37419134
2026-01-05 11:00:00,-0.63537437
2026-01-05 12:00:00,-0.8337528
2026-01-05 13:00:00,-1.0069987
2026-01-05 14:00:00,-1.1023808
2026-01-05 15:00:00,-0.8003254
2026-01-05 16:00:00,-0.20150183
2026-01-05 17:00:00,0.3127411
2026-01-05 18:00:00,0.7344617
2026-01-05 19:00:00,0.8688306
2026-01-05 20:00:00,0.73513997
2026-01-05 21:00:00,0.33580473
2026-01-05 22:00:00,-0.029255845
2026-01-05 23:00:00,-0.35709968
2026-01-06 00:00:00,-0.6003918
2026-01-06 01:00:00,-0.8016354
2026-01-06 02:00:00,-0.98119426
2026-01-06 03:00:00,-1.0639974
2026-01-06 04:00:00,-0.6681395
2026-01-06 05:00:00,-0.13270396
2026-01-06 06:00:00,0.25745887
2026-01-06 07:00:00,0.48563886
2026-01-06 08:00:00,0.43963754
2026-01-06 09:00:00,0.15803896
2026-01-06 10:00:00,-0.16416748
2026-01-06 11:00:00,-0.45674795
2026-01-06 12:00:00,-0.68892694
2026-01-06 13:00:00,-0.8728531
2026-01-06 14:00:00,-1.0258038
2026-01-06 15:00:00,-1.0565367
2026-01-06 16:00:00,-0.54415846
2026-01-06 17:00:00,-0.0565733
2026-01-06 18:00:00,0.44798523
2026-01-06 19:00:00,0.73806465
2026-01-06 20:00:00,0.7666488
2026-01-06 21:00:00,0.5376848
2026-01-06 22:00:00,0.14403392
2026-01-06 23:00:00,-0.19512825
2026-01-07 00:00:00,-0.48348024
2026-01-07 01:00:00,-0.6929283
2026-01-07 02:00:00,-0.88653123
2026-01-07 03:00:00,-1.0261065
2026-01-07 04:00:00,-1.0001241
2026-01-07 05:00:00,-0.42318794
2026-01-07 06:00:00,-0.015819985
